Rk,School,From,To,Yrs,G,W,L,W-L%,SRS,SOS,AP,CREG,CTRN,NCAA,FF,NC
1,Abilene Christian Wildcats,1971,2016,6,139,61,78,.439,-14.04,-6.72,0,0,0,0,0,0
2,Air Force Falcons,1958,2016,58,1546,679,867,.439,-2.87,0.91,0,1,0,4,0,0
3,Akron Zips,1902,2016,65,1429,837,592,.586,-0.27,-1.41,0,6,4,4,0,0
4,Alabama A&M Bulldogs,2000,2016,17,461,205,256,.445,-14.99,-11.79,0,1,1,1,0,0
5,Alabama Crimson Tide,1913,2016,103,2591,1604,986,.619,6.85,4.15,15,10,7,20,0,0
6,Alabama State Hornets,1983,2016,34,975,491,484,.504,-11.91,-9.61,0,4,4,4,0,0
7,Alabama-Birmingham Blazers,1980,2016,37,1157,720,437,.622,7.20,3.32,2,6,5,15,0,0
8,Albany (NY) Great Danes,2000,2016,17,497,234,263,.471,-6.47,-4.94,0,2,4,5,0,0
9,Alcorn State Braves,1978,2016,39,1121,483,638,.431,-13.13,-8.00,0,10,6,6,0,0
10,Allegheny Gators,1896,1916,21,234,191,41,.823,,,0,0,0,,,
11,American Eagles,1967,2016,50,1384,698,686,.504,-5.30,-3.41,0,7,3,3,0,0
12,Amherst Lord Jeffs,1901,1902,2,12,12,0,1.000,,,0,0,0,,,
13,Appalachian State Mountaineers,1974,2016,43,1229,614,615,.500,-6.31,-3.78,0,10,2,2,0,0
14,Arizona State Sun Devils,1912,2016,101,2411,1277,1134,.530,4.61,3.47,7,8,0,14,0,0
15,Arizona Wildcats,1905,2016,109,2587,1689,897,.653,8.45,4.68,24,22,5,32,4,1
16,Arkansas Razorbacks,1924,2016,93,2509,1607,902,.640,7.12,2.63,16,26,7,30,6,1
17,Arkansas State Red Wolves,1971,2016,46,1293,670,623,.518,-3.24,-2.80,0,7,1,1,0,0
18,Arkansas-Little Rock Trojans,1979,2016,38,1102,616,486,.559,-3.30,-3.70,0,11,4,4,0,0
19,Arkansas-Pine Bluff Golden Lions,1999,2016,18,508,154,354,.303,-19.31,-7.73,0,0,1,1,0,0
20,Armstrong Pirates,1987,1987,1,28,6,22,.214,-21.60,-4.78,0,0,0,0,0,0
Rk,School,From,To,Yrs,G,W,L,W-L%,SRS,SOS,AP,CREG,CTRN,NCAA,FF,NC
21,Army Black Knights,1903,2016,114,2362,1180,1182,.500,-9.13,-4.61,0,0,0,0,0,0
22,Auburn Tigers,1906,2016,110,2434,1281,1152,.527,5.14,3.86,5,3,1,8,0,0
23,Augusta State Jaguars,1985,1991,7,197,64,133,.325,-17.30,-8.00,0,0,0,0,0,0
24,Augustana (IL) Vikings,1902,1917,12,116,81,35,.698,,,0,0,0,,,
25,Austin Peay Governors,1964,2016,53,1477,733,744,.496,-5.59,-3.01,1,8,4,6,0,0
26,Baker University Wildcats,1903,1908,6,90,62,28,.689,,,0,0,0,,,
27,Baldwin-Wallace Yellow Jackets,1948,1953,6,139,82,57,.590,-4.45,1.85,0,0,0,0,0,0
28,Ball State Cardinals,1972,2016,45,1281,674,607,.526,-1.17,-0.77,1,9,7,7,0,0
29,Baltimore Super Bees,1979,1983,5,133,46,87,.346,-13.76,-6.45,0,0,0,0,0,0
30,Baylor Bears,1907,2016,110,2590,1265,1325,.488,0.78,2.04,4,5,0,9,2,0
31,Belmont Bruins,2000,2016,17,510,323,187,.633,-0.16,-3.57,0,8,7,7,0,0
32,Beloit Buccaneers,1911,1924,8,95,66,28,.702,,,0,0,0,,,
33,Bethune-Cookman Wildcats,1981,2016,36,1030,363,667,.352,-17.01,-10.25,0,1,0,0,0,0
34,Binghamton Bearcats,2002,2016,15,422,154,268,.365,-10.76,-5.09,0,1,1,1,0,0
35,Birmingham-Southern Panthers,1920,2006,5,105,65,40,.619,-5.44,-8.71,0,1,0,0,0,0
36,Bloomsburg Huskies,1896,1911,15,143,88,55,.615,,,0,0,0,,,
37,Boise State Broncos,1972,2016,45,1287,708,579,.550,-0.56,-1.04,0,6,5,7,0,0
38,Boston College Eagles,1946,2016,71,1954,1096,858,.561,3.18,2.51,8,6,2,18,0,0
39,Boston University Terriers,1916,2016,90,2004,1026,978,.512,-6.66,-5.20,0,8,6,7,0,0
40,Bowling Green State Falcons,1916,2016,101,2442,1321,1121,.541,0.03,0.58,2,9,0,4,0,0
Rk,School,From,To,Yrs,G,W,L,W-L%,SRS,SOS,AP,CREG,CTRN,NCAA,FF,NC
41,Bradley Braves,1903,2016,112,2742,1612,1130,.588,4.91,3.12,12,7,2,8,2,0
42,Brigham Young College,1908,1908,1,11,10,1,.909,,,0,0,0,,,
43,Brigham Young Cougars,1903,2016,114,2789,1740,1049,.624,7.41,3.37,10,25,3,29,0,0
44,Brooklyn Bulldogs,1934,1992,25,567,233,334,.411,-19.21,-9.62,0,0,0,0,0,0
45,Brown Bears,1901,2016,110,2460,994,1466,.404,-11.18,-4.68,0,1,0,2,0,0
46,Bryant Bulldogs,2011,2016,6,157,66,91,.420,-9.75,-4.08,0,0,0,0,0,0
47,Bucknell Bison,1896,2016,121,2547,1362,1185,.535,-9.01,-7.21,0,13,6,6,0,0
48,Buffalo Bulls,1907,2016,47,1069,518,551,.485,-7.01,-2.49,0,3,1,1,0,0
49,Butler Bulldogs,1897,2016,118,2610,1516,1094,.581,1.14,2.38,6,13,7,13,2,0
50,Cal Poly Mustangs,1995,2016,22,617,261,356,.423,-5.38,-1.15,0,1,1,1,0,0
51,Cal State Bakersfield Roadrunners,2011,2016,6,157,69,88,.439,0.67,-0.13,0,0,0,0,0,0
52,Cal State Fullerton Titans,1975,2016,42,1187,562,625,.473,-1.72,-0.22,0,2,2,2,0,0
53,Cal State Los Angeles Golden Eagles,1971,1975,5,130,70,60,.538,-1.89,1.34,0,0,0,1,0,0
54,Cal State Northridge Matadors,1991,2016,26,745,331,414,.444,-4.28,-1.25,0,3,2,2,0,0
55,Campbell Fighting Camels,1978,2016,39,1081,435,646,.402,-12.76,-6.82,0,1,1,1,0,0
56,Canisius Golden Griffins,1904,2016,112,2444,1240,1204,.507,-3.57,-1.46,1,7,1,4,0,0
57,Carleton College Knights,1910,1934,25,360,280,80,.778,,,0,0,0,,,
58,Carnegie Mellon Tartans,1933,1939,7,87,40,47,.460,,,0,2,0,0,0,0
59,Case Western Reserve Spartans,1898,1955,13,245,95,150,.388,-18.30,-2.67,0,0,0,0,0,0
60,Catholic Cardinals,1913,1981,13,248,122,126,.492,-15.98,-6.69,0,0,0,1,0,0
Rk,School,From,To,Yrs,G,W,L,W-L%,SRS,SOS,AP,CREG,CTRN,NCAA,FF,NC
61,Centenary (LA) Gents,1960,2011,52,1435,637,798,.444,-8.73,-3.96,1,1,1,0,0,0
62,Central Arkansas Bears,2011,2016,6,148,36,112,.243,-16.71,-3.28,0,0,0,0,0,0
63,Central Connecticut State Blue Devils,1987,2016,30,843,356,487,.422,-12.09,-7.45,0,3,3,3,0,0
64,Central Florida Knights,1985,2016,32,920,448,472,.487,-5.02,-2.94,0,1,4,4,0,0
65,Central Michigan Chippewas,1974,2016,43,1191,513,678,.431,-4.01,-0.38,0,7,2,4,0,0
66,Central Missouri Mules,1913,1937,10,178,140,38,.787,,,0,0,0,,,
67,Central Normal College,1931,1931,1,19,19,0,1.000,,,0,0,0,,,
68,Central Pennsylvania College Knights,1896,1900,4,6,2,4,.333,,,0,0,0,,,
69,Centre (KY) Colonels,1910,1919,3,45,41,4,.911,,,0,0,0,,,
70,Charleston Southern Buccaneers,1975,2016,42,1169,483,686,.413,-13.83,-7.14,0,4,4,1,0,0
71,Charlotte 49ers,1973,2016,44,1281,727,554,.568,4.05,2.18,2,6,5,11,1,0
72,Chattanooga Mocs,1978,2016,39,1163,707,456,.608,-2.16,-3.50,1,18,10,10,0,0
73,Cheyenne Business College,1903,1903,1,1,1,0,1.000,,,0,0,0,,,
74,Chicago Maroons,1896,1946,46,862,419,443,.486,,,0,6,0,0,0,0
75,Chicago State Cougars,1985,2016,32,898,255,643,.284,-14.56,-1.75,0,0,1,0,0,0
76,Cincinnati Bearcats,1902,2016,115,2680,1698,982,.634,11.92,5.09,22,23,10,29,6,2
77,Citadel Bulldogs,1913,2016,104,2238,954,1284,.426,-13.59,-5.80,0,0,0,0,0,0
78,City College of New York Beavers,1906,1953,48,725,517,208,.713,-0.07,2.71,0,1,0,2,2,1
79,Clemson Tigers,1912,2016,105,2506,1255,1249,.501,4.72,3.38,5,1,1,11,0,0
80,Cleveland State Vikings,1973,2016,44,1252,643,609,.514,-2.68,-1.18,0,4,2,2,0,0
Rk,School,From,To,Yrs,G,W,L,W-L%,SRS,SOS,AP,CREG,CTRN,NCAA,FF,NC
81,Coastal Carolina Chanticleers,1987,2016,30,856,433,423,.506,-8.54,-5.95,0,7,5,4,0,0
82,Colgate Raiders,1901,2016,116,2556,1216,1340,.476,-11.30,-5.59,0,3,2,2,0,0
83,College of Charleston Cougars,1992,2016,25,746,519,227,.696,1.30,-4.75,2,12,3,4,0,0
84,College of New Jersey Lions,1900,1900,1,5,3,2,.600,,,0,0,0,,,
85,Colorado Buffaloes,1902,2016,113,2396,1238,1158,.517,4.87,5.94,5,19,1,13,2,0
86,Colorado College Tigers,1915,1937,23,376,233,143,.620,,,0,7,0,,,
87,Colorado School of Mines Orediggers,1908,1937,28,282,80,202,.284,,,0,2,0,,,
88,Colorado State Rams,1902,2016,112,2406,1203,1203,.500,2.69,2.21,0,6,1,10,0,0
89,Columbia Lions,1901,2016,116,2504,1249,1255,.499,-7.64,-5.02,2,13,0,3,0,0
90,Concordia Seminary Preachers,1907,1923,2,16,14,2,.875,,,0,0,0,,,
91,Connecticut Huskies,1901,2016,110,2481,1587,894,.640,6.38,0.34,16,27,7,31,5,4
92,Coppin State Eagles,1986,2016,31,907,448,459,.494,-9.95,-7.77,0,10,4,4,0,0
93,Cornell Big Red,1899,2016,118,2590,1219,1371,.471,-7.61,-4.51,0,8,0,5,0,0
94,Cotner University,1910,1911,2,27,24,3,.889,,,0,0,0,,,
95,Creighton Bluejays,1912,2016,96,2447,1478,969,.604,2.74,2.74,4,15,12,19,0,0
96,Cumberland University Bulldogs,1904,1904,1,4,4,0,1.000,,,0,0,0,,,
97,Dakota Wesleyan Tigers,1932,1932,1,20,19,1,.950,,,0,0,0,,,
98,Dartmouth Big Green,1900,2016,116,2722,1272,1448,.468,-11.29,-5.36,0,12,0,7,2,0
99,Davidson Wildcats,1909,2016,107,2548,1380,1168,.542,-3.41,-3.16,6,24,12,13,0,0
100,Dayton Flyers,1904,2016,111,2636,1563,1073,.593,6.90,2.96,7,3,2,16,1,0
Rk,School,From,To,Yrs,G,W,L,W-L%,SRS,SOS,AP,CREG,CTRN,NCAA,FF,NC
101,Delaware Fightin' Blue Hens,1906,2016,75,1762,881,880,.500,-8.81,-6.40,0,4,5,5,0,0
102,Delaware State Hornets,1974,2016,43,1204,503,701,.418,-15.87,-10.24,0,3,1,1,0,0
103,Denison Big Red,1905,1944,24,362,269,93,.743,,,0,0,0,0,0,0
104,Denver Pioneers,1904,2016,93,1957,889,1068,.454,-3.43,-0.54,0,4,0,0,0,0
105,DePaul Blue Demons,1924,2016,93,2364,1420,944,.601,6.07,5.64,12,2,0,22,2,0
106,DePauw Tigers,1916,1932,17,276,182,94,.659,,,0,0,0,,,
107,Detroit Mercy Titans,1910,2016,107,2526,1374,1152,.544,0.72,1.49,2,2,3,6,0,0
108,Dickinson College Red Devils,1926,1947,2,34,30,4,.882,,,0,0,0,0,0,0
109,Drake Bulldogs,1907,2016,110,2595,1189,1406,.458,0.95,3.00,5,8,1,4,1,0
110,Drexel Dragons,1895,2016,46,1228,703,525,.572,-3.17,-4.64,0,7,4,4,0,0
111,Duke Blue Devils,1906,2016,111,2919,2065,854,.707,15.76,6.37,44,22,24,39,16,5
112,Duquesne Dukes,1914,2016,100,2399,1343,1056,.560,2.47,2.11,7,2,1,5,1,0
113,East Carolina Pirates,1967,2016,50,1390,619,771,.445,-4.82,-1.50,0,0,2,2,0,0
114,East Central Tigers,1929,1931,3,74,66,8,.892,,,0,0,0,,,
115,East Tennessee State Buccaneers,1959,2016,58,1606,849,757,.529,-4.64,-3.20,1,9,8,9,0,0
116,Eastern Illinois Panthers,1982,2016,35,995,459,536,.461,-7.71,-3.96,0,0,3,2,0,0
117,Eastern Kentucky Colonels,1948,2016,66,1732,857,875,.495,-4.37,-2.59,0,7,5,8,0,0
118,Eastern Michigan Eagles,1933,2016,44,1258,590,668,.469,-3.11,-0.39,0,5,4,4,0,0
119,Eastern Washington Eagles,1984,2016,33,918,375,543,.408,-6.99,-2.20,0,3,2,2,0,0
120,Elon Phoenix,2000,2016,17,492,208,284,.423,-9.16,-4.13,0,2,0,0,0,0
Rk,School,From,To,Yrs,G,W,L,W-L%,SRS,SOS,AP,CREG,CTRN,NCAA,FF,NC
121,Emporia State Hornets,1934,1934,1,18,17,1,.944,,,0,0,0,,,
122,Evansville Purple Aces,1925,2016,43,1176,640,536,.544,1.45,0.66,0,6,4,5,0,0
123,Fairfield Stags,1965,2016,52,1448,706,742,.488,-4.06,-2.43,0,3,3,3,0,0
124,Fairleigh Dickinson Knights,1968,2016,49,1337,643,694,.481,-9.90,-6.43,0,5,4,4,0,0
125,Florida A&M Rattlers,1980,2016,37,1064,420,644,.395,-16.42,-9.24,0,0,4,3,0,0
126,Florida Atlantic Owls,1994,2016,23,648,233,415,.360,-9.19,-2.65,0,1,1,1,0,0
127,Florida Gators,1921,2016,95,2408,1345,1062,.559,7.36,4.20,13,9,4,19,5,2
128,Florida Gulf Coast Eagles,2011,2016,6,169,96,73,.568,-2.77,-1.80,0,1,1,1,0,0
129,Florida International Panthers,1988,2016,29,826,327,499,.396,-8.70,-3.49,0,1,1,1,0,0
130,Florida State Seminoles,1957,2016,60,1723,1006,717,.584,6.65,4.16,8,2,2,14,1,0
131,Fordham Rams,1903,2016,112,2780,1468,1312,.528,-2.54,-0.06,1,4,4,4,0,0
132,Franklin Grizzlies,1907,1925,18,221,144,77,.652,,,0,0,0,,,
133,Fresno State Bulldogs,1956,2016,49,1440,800,640,.556,2.27,1.66,1,6,4,5,0,0
134,Furman Paladins,1920,2016,95,2357,1154,1203,.490,-6.99,-4.44,0,5,6,6,0,0
135,Gardner-Webb Runnin' Bulldogs,2003,2016,14,407,178,229,.437,-8.48,-2.54,0,1,0,0,0,0
136,Geneva Golden Tornadoes,1893,1943,10,125,80,45,.640,,,0,0,0,0,0,0
137,George Mason Patriots,1979,2016,38,1109,601,508,.542,-1.39,-1.76,0,4,4,6,1,0
138,George Washington Colonials,1913,2016,99,2364,1280,1084,.541,0.47,-0.12,3,7,5,11,0,0
139,Georgetown Hoyas,1907,2016,108,2600,1610,990,.619,6.53,3.58,20,11,7,30,5,1
140,Georgia Bulldogs,1906,2016,111,2605,1356,1249,.521,3.57,4.54,5,3,3,12,1,0
Rk,School,From,To,Yrs,G,W,L,W-L%,SRS,SOS,AP,CREG,CTRN,NCAA,FF,NC
141,Georgia Southern Eagles,1972,2016,45,1272,641,631,.504,-7.46,-5.09,0,7,3,3,0,0
142,Georgia State Panthers,1974,2016,43,1217,511,706,.420,-8.17,-4.12,0,6,3,3,0,0
143,Georgia Tech Yellow Jackets,1920,2016,97,2461,1300,1161,.528,5.73,4.96,8,3,4,16,2,0
144,Gettysburg Bullets,1901,1973,41,724,385,339,.532,-15.98,-9.80,0,0,0,0,0,0
145,Gonzaga Bulldogs,1944,2016,65,1857,1176,681,.633,2.00,-0.93,9,20,14,18,0,0
146,Grambling Tigers,1978,2016,39,1071,388,683,.362,-17.65,-8.93,0,2,0,0,0,0
147,Grand Canyon Antelopes,2014,2016,3,65,35,30,.538,-4.34,-10.15,0,0,0,0,0,0
148,Green Bay Phoenix,1982,2016,35,1023,564,459,.551,-0.01,-0.47,0,4,3,4,0,0
149,Grinnell Pioneers,1901,1939,38,550,280,270,.509,,,0,0,0,0,0,0
150,Grove City Wolverines,1899,1925,27,383,257,126,.671,,,0,0,0,,,
151,Hamline Pipers,1945,1948,4,102,82,20,.804,,,0,0,0,0,0,0
152,Hampton Pirates,1996,2016,21,613,322,291,.525,-8.37,-9.05,0,2,5,5,0,0
153,Hardin-Simmons Cowboys,1923,1990,45,1149,481,668,.419,-11.08,-5.70,0,1,0,2,0,0
154,Hartford Hawks,1985,2016,32,911,382,529,.419,-8.72,-4.94,0,0,0,0,0,0
155,Harvard Crimson,1901,2016,105,2365,1085,1280,.459,-8.72,-4.96,0,5,0,5,0,0
156,Haskell Indian Nations Institute Fighting Indians,1903,1908,2,39,27,12,.692,,,0,0,0,,,
157,Hawaii Warriors,1971,2016,46,1317,684,633,.519,2.75,2.64,1,2,3,4,0,0
158,High Point Panthers,2000,2016,17,486,231,255,.475,-9.13,-6.21,0,3,0,0,0,0
159,Hiram Terriers,1894,1904,8,59,45,14,.763,,,0,0,0,,,
160,Hofstra Pride,1943,2016,51,1434,719,715,.501,-6.42,-4.54,0,6,5,4,0,0
Rk,School,From,To,Yrs,G,W,L,W-L%,SRS,SOS,AP,CREG,CTRN,NCAA,FF,NC
161,Holy Cross Crusaders,1901,2016,96,2278,1355,923,.595,-1.68,-3.91,6,6,6,12,2,1
162,Hope Flying Dutchmen,1908,1913,5,65,44,21,.677,,,0,0,0,,,
163,Houston Baptist Huskies,1974,2016,22,597,252,345,.422,-12.27,-6.23,0,2,1,1,0,0
164,Houston Cougars,1951,2016,66,1904,1122,782,.589,5.20,2.25,7,4,6,19,5,0
165,Howard Bison,1974,2016,43,1187,468,719,.394,-14.76,-9.61,0,4,3,2,0,0
166,Idaho State Bengals,1959,2016,58,1568,701,867,.447,-6.44,-2.62,0,4,2,5,0,0
167,Idaho Vandals,1906,2016,111,2719,1278,1439,.470,-3.49,-0.53,1,7,4,4,0,0
168,Illinois Fighting Illini,1906,2016,111,2671,1728,943,.647,13.04,7.69,26,17,2,30,5,0
169,Illinois State Redbirds,1899,2016,57,1412,849,563,.601,3.48,1.61,0,5,4,6,0,0
170,Illinois Wesleyan Titans,1928,1928,1,14,13,1,.929,,,0,0,0,,,
171,Illinois-Chicago Flames,1982,2016,35,1023,496,527,.485,-2.47,-0.63,0,2,2,3,0,0
172,Incarnate Word Cardinals,2014,2016,3,59,41,18,.695,-12.11,-1.31,0,0,0,0,0,0
173,Indiana Hoosiers,1901,2016,116,2754,1756,998,.638,13.94,7.78,27,21,0,38,8,5
174,Indiana State Sycamores,1900,2016,94,2047,1064,983,.520,-0.46,1.45,1,2,3,4,1,0
175,Iona Gaels,1954,2016,63,1688,943,745,.559,-4.50,-3.54,1,10,7,10,0,0
176,Iowa Hawkeyes,1893,2016,119,2695,1578,1116,.586,11.14,7.02,17,8,2,24,3,0
177,Iowa State Cyclones,1908,2016,109,2563,1293,1270,.504,6.47,5.94,7,6,4,17,1,0
178,IPFW Mastodons,2003,2016,14,399,171,228,.429,-7.00,-1.73,0,0,0,0,0,0
179,IUPUI Jaguars,1999,2016,18,530,258,272,.487,-4.67,-2.59,0,1,1,1,0,0
180,Jackson State Tigers,1978,2016,39,1135,536,599,.472,-10.50,-8.04,0,7,4,3,0,0
Rk,School,From,To,Yrs,G,W,L,W-L%,SRS,SOS,AP,CREG,CTRN,NCAA,FF,NC
181,Jacksonville Dolphins,1967,2016,50,1403,691,712,.493,-3.45,-1.81,2,2,2,5,1,0
182,Jacksonville State Gamecocks,1996,2016,21,582,235,347,.404,-10.45,-6.32,0,0,0,0,0,0
183,James Madison Dukes,1977,2016,40,1160,603,557,.520,-2.26,-2.36,0,7,3,5,0,0
184,John Carroll Blue Streaks,1948,1955,8,191,80,111,.419,-9.26,-0.18,0,0,0,0,0,0
185,Kalamazoo Hornets,1908,1923,16,193,134,59,.694,,,0,0,0,,,
186,Kansas Jayhawks,1899,2016,118,2986,2154,832,.721,15.44,6.88,40,58,13,44,14,3
187,Kansas State Wildcats,1906,2016,111,2675,1572,1103,.588,10.36,6.01,15,18,2,28,4,0
188,Kennesaw State Owls,2010,2016,7,191,43,148,.225,-16.05,-3.05,0,0,0,0,0,0
189,Kent State Golden Flashes,1914,2016,97,2270,1105,1165,.487,-2.49,-0.61,0,9,5,5,0,0
190,Kentucky Wesleyan Panthers,1957,1958,2,52,30,22,.577,-4.61,-2.27,0,0,0,0,0,0
191,Kentucky Wildcats,1903,2016,113,2859,2184,674,.764,17.67,6.58,48,53,30,55,17,8
192,La Salle Explorers,1932,2016,85,2243,1328,915,.592,2.95,0.31,6,9,8,12,2,1
193,Lafayette Leopards,1901,2016,106,2484,1299,1185,.523,-7.70,-6.79,0,17,3,4,0,0
194,Lake Forest Foresters,1905,1916,12,144,89,55,.618,,,0,0,0,,,
195,Lamar Cardinals,1970,2016,47,1326,677,649,.511,-4.36,-3.43,0,9,4,6,0,0
196,Latter Day Saints University,1903,1903,1,16,15,1,.938,,,0,0,0,,,
197,Lawrence Vikings,1948,1948,1,28,22,6,.786,,,0,0,0,0,0,0
198,Lehigh Mountain Hawks,1902,2016,115,2399,1034,1365,.431,-13.50,-7.51,0,4,5,5,0,0
199,Lewis University Flyers,1905,1905,1,25,20,5,.800,,,0,0,0,,,
200,Liberty Flames,1989,2016,28,818,370,448,.452,-10.28,-6.02,0,2,3,3,0,0
Rk,School,From,To,Yrs,G,W,L,W-L%,SRS,SOS,AP,CREG,CTRN,NCAA,FF,NC
201,Lipscomb Bisons,2004,2016,13,368,184,184,.500,-6.63,-4.48,0,2,0,0,0,0
202,Long Beach State 49ers,1970,2016,47,1363,753,610,.552,1.38,1.32,5,14,5,9,0,0
203,Long Island University Blackbirds,1929,2016,71,1859,1044,813,.562,-9.40,-6.44,1,9,5,6,0,0
204,Longwood Lancers,2008,2016,9,257,89,168,.346,-16.58,-5.47,0,0,0,0,0,0
205,Louisiana State Fighting Tigers,1909,2016,108,2619,1490,1129,.569,5.15,3.84,12,11,1,21,4,0
206,Louisiana Tech Bulldogs,1974,2016,43,1250,714,536,.571,0.16,-1.12,1,10,6,5,0,0
207,Louisiana-Lafayette Ragin' Cajuns,1972,2016,45,1261,726,535,.576,0.50,-0.80,2,9,7,10,0,0
208,Louisiana-Monroe Warhawks,1974,2016,43,1226,651,575,.531,-4.81,-4.73,0,10,8,7,0,0
209,Louisville Cardinals,1912,2016,102,2641,1757,884,.665,13.44,6.13,32,23,17,41,10,3
210,Loyola (IL) Ramblers,1921,2016,95,2353,1240,1113,.527,-0.75,1.31,5,4,1,5,1,1
211,Loyola (LA) Wolfpack,1952,1972,20,499,237,262,.475,-6.46,0.25,0,0,0,2,0,0
212,Loyola (MD) Greyhounds,1908,2016,72,1614,749,865,.464,-9.04,-4.90,0,0,2,2,0,0
213,Loyola Marymount Lions,1943,2016,69,1865,806,1059,.432,-4.41,0.32,2,3,2,5,0,0
214,Macalester Scots,1896,1899,4,21,8,13,.381,,,0,0,0,,,
215,Maine Black Bears,1904,2016,72,1676,773,903,.461,-12.13,-7.40,0,0,0,0,0,0
216,Manchester Spartans,1926,1926,1,16,15,1,.938,,,0,0,0,,,
217,Manhattan Jaspers,1905,2016,110,2489,1317,1172,.529,-2.97,-1.84,0,13,5,8,0,0
218,Marietta Pioneers,1908,1920,13,175,109,66,.623,,,0,0,0,,,
219,Marist Red Foxes,1982,2016,35,1003,463,540,.462,-7.12,-6.07,0,5,2,2,0,0
220,Marquette Golden Eagles,1917,2016,99,2509,1550,959,.618,8.45,4.40,22,3,1,31,3,1
Rk,School,From,To,Yrs,G,W,L,W-L%,SRS,SOS,AP,CREG,CTRN,NCAA,FF,NC
221,Marshall Thundering Herd,1919,2016,92,2321,1322,997,.570,-0.89,-0.86,1,6,3,5,0,0
222,Maryland Terrapins,1924,2016,93,2466,1473,993,.597,9.57,4.83,22,6,4,25,2,1
223,Maryland-Baltimore County Retrievers,1987,2016,30,842,314,528,.373,-12.52,-6.91,0,2,1,1,0,0
224,Maryland-Eastern Shore Hawks,1974,2016,37,1027,296,731,.288,-19.63,-9.08,0,1,1,0,0,0
225,Massachusetts Institute of Technology Engineers,1909,1909,1,16,10,6,.625,,,0,0,0,,,
226,Massachusetts Minutemen,1926,2016,57,1605,895,710,.558,0.88,-0.55,5,15,5,9,1,0
227,Massachusetts-Lowell River Hawks,1906,2016,4,76,39,37,.513,-12.14,-3.61,0,0,0,0,0,0
228,McNeese State Cowboys,1974,2016,43,1211,595,616,.491,-6.70,-4.37,0,6,2,2,0,0
229,Memphis Tigers,1956,2016,61,1812,1219,593,.673,8.64,3.48,16,18,11,25,3,0
230,Mercer Bears,1974,2016,43,1226,585,641,.477,-7.90,-5.50,0,3,3,3,0,0
231,Merchant Marine Academy Mariners,1946,1947,2,39,13,26,.333,,,0,0,0,0,0,0
232,Miami (FL) Hurricanes,1949,2016,53,1484,844,640,.569,2.64,2.74,5,2,1,7,0,0
233,Miami (OH) RedHawks,1906,2016,111,2455,1325,1130,.540,2.65,1.14,1,18,4,17,0,0
234,Michigan State Spartans,1899,2016,117,2668,1609,1059,.603,11.37,7.58,21,13,4,29,9,2
235,Michigan Wolverines,1918,2016,99,2506,1506,1000,.601,10.24,7.59,19,14,1,25,7,1
236,Middle Tennessee Blue Raiders,1959,2016,58,1603,876,727,.546,-4.62,-3.15,0,9,5,7,0,0
237,Millikin Big Blue,1910,1921,12,210,150,60,.714,,,0,0,0,,,
238,Millsaps Majors,1911,1921,11,116,59,57,.509,,,0,0,0,,,
239,Milwaukee Panthers,1974,2016,33,937,470,467,.502,-3.51,-1.16,0,4,4,4,0,0
240,Minnesota A&M Aggies,1896,1903,4,30,27,3,.900,,,0,0,0,,,
Rk,School,From,To,Yrs,G,W,L,W-L%,SRS,SOS,AP,CREG,CTRN,NCAA,FF,NC
241,Minnesota Golden Gophers,1896,2016,121,2738,1582,1154,.578,9.61,7.26,10,9,0,12,1,0
242,Mississippi Rebels,1909,2016,106,2501,1242,1257,.497,1.94,3.89,2,5,2,8,0,0
243,Mississippi State Bulldogs,1909,2016,104,2493,1348,1145,.541,3.56,4.08,11,12,5,10,1,0
244,Mississippi Valley State Delta Devils,1980,2016,37,1050,450,600,.429,-13.45,-9.02,0,7,5,5,0,0
245,Missouri State Bears,1983,2016,34,1037,624,413,.602,4.16,1.33,0,5,3,6,0,0
246,Missouri Tigers,1907,2016,110,2681,1589,1092,.593,8.91,5.97,14,15,8,26,0,0
247,Missouri-Kansas City Kangaroos,1990,2016,27,764,325,439,.425,-7.35,-3.60,0,0,0,0,0,0
248,Monmouth Hawks,1984,2016,33,945,433,512,.458,-8.18,-5.94,0,2,4,4,0,0
249,Montana Grizzlies,1912,2016,101,2504,1349,1155,.539,-2.65,-2.56,0,11,9,10,0,0
250,Montana State Bobcats,1902,2016,105,2495,1371,1124,.549,-4.88,-2.22,0,10,2,2,0,0
251,Morehead State Eagles,1956,2016,61,1645,826,819,.502,-5.97,-3.75,0,9,4,7,0,0
252,Morgan State Bears,1985,2016,32,915,332,583,.363,-15.90,-8.42,0,3,2,2,0,0
253,Morris Brown Wolverines,2002,2003,2,57,13,44,.228,-25.82,-6.03,0,0,0,0,0,0
254,Mount St. Mary's Mountaineers,1989,2016,28,795,342,453,.430,-9.46,-5.80,0,1,4,4,0,0
255,Mount Union Purple Raiders,1896,1932,37,493,314,179,.637,,,0,0,0,,,
256,Muhlenburg Mules,1901,1963,56,1064,579,484,.545,-10.34,-4.36,0,3,0,0,0,0
257,Murray State Racers,1954,2016,63,1761,1112,649,.631,-0.85,-3.17,2,25,14,15,0,0
258,Muskingum Fighting Muskies,1905,1927,3,48,44,4,.917,,,0,0,0,,,
259,Navy Midshipmen,1908,2016,109,2335,1329,1006,.569,-4.78,-3.78,1,8,6,11,0,0
260,Nebraska Cornhuskers,1897,2016,120,2749,1448,1301,.527,5.54,5.81,2,7,1,7,0,0
Rk,School,From,To,Yrs,G,W,L,W-L%,SRS,SOS,AP,CREG,CTRN,NCAA,FF,NC
261,Nebraska Wesleyan Prairie Wolves,1906,1917,12,188,134,54,.713,,,0,0,0,,,
262,Nebraska-Omaha Mavericks,2013,2016,4,95,42,53,.442,-8.71,-6.40,0,0,0,0,0,0
263,Nevada Wolf Pack,1913,2016,61,1555,846,709,.544,-0.15,1.24,2,9,4,6,0,0
264,Nevada-Las Vegas Rebels,1970,2016,47,1451,1037,414,.715,10.06,3.22,16,13,11,20,4,1
265,New Hampshire Wildcats,1927,2016,64,1598,536,1062,.335,-15.06,-7.04,0,1,0,0,0,0
266,New Mexico Lobos,1900,2016,110,2458,1433,1025,.583,4.03,1.90,11,12,6,15,0,0
267,New Mexico State Aggies,1905,2016,106,2480,1432,1046,.578,0.75,-0.38,5,16,9,22,1,0
268,New Orleans Privateers,1976,2016,39,1110,614,496,.553,-1.15,-1.16,2,7,3,4,0,0
269,New York University Violets,1907,1971,65,1184,725,459,.612,-0.45,-0.13,2,6,0,6,2,0
270,Newberry Wolves,1921,1921,1,4,2,2,.500,,,0,0,0,,,
271,Niagara Purple Eagles,1906,2016,110,2589,1423,1165,.550,-2.53,-1.53,2,10,2,3,0,0
272,Nicholls State Colonels,1981,2016,36,981,388,593,.396,-13.25,-5.79,0,2,2,2,0,0
273,NJIT Highlanders,2010,2016,7,187,92,95,.492,-8.45,-4.66,0,1,0,0,0,0
274,Norfolk State Spartans,1998,2016,19,550,257,293,.467,-11.85,-8.32,0,1,1,1,0,0
275,North Carolina A&T Aggies,1974,2016,43,1225,604,621,.493,-12.84,-9.23,0,11,14,10,0,0
276,North Carolina Central Eagles,2011,2016,6,162,108,54,.667,-8.57,-6.58,0,2,1,1,0,0
277,North Carolina State Wolfpack,1913,2016,104,2674,1663,1011,.622,10.95,5.72,17,13,17,26,3,2
278,North Carolina Tar Heels,1911,2016,106,2910,2143,767,.736,15.59,6.55,47,36,25,46,18,5
279,North Carolina-Asheville Bulldogs,1987,2016,30,859,404,455,.470,-9.34,-4.64,0,5,4,3,0,0
280,North Carolina-Greensboro Spartans,1992,2016,25,717,307,410,.428,-8.04,-4.64,0,4,2,2,0,0
Rk,School,From,To,Yrs,G,W,L,W-L%,SRS,SOS,AP,CREG,CTRN,NCAA,FF,NC
281,North Carolina-Wilmington Seahawks,1977,2016,40,1147,589,558,.514,-2.36,-2.55,0,6,4,4,0,0
282,North Central Cardinals,1911,1922,8,115,78,37,.678,,,0,0,0,,,
283,North Dakota State Bison,1898,2016,37,610,438,172,.718,1.60,-2.03,0,3,3,3,0,0
284,North Dakota UND,1905,2016,23,359,228,131,.635,-8.58,-2.87,0,0,2,0,0,0
285,North Florida Ospreys,2010,2016,7,199,99,100,.497,-2.13,-1.62,0,1,1,1,0,0
286,North Texas Mean Green,1922,2016,61,1631,722,909,.443,-5.10,-0.27,0,3,3,3,0,0
287,Northeastern Huskies,1938,2016,53,1409,730,679,.518,-4.90,-4.35,0,12,8,8,0,0
288,Northeastern Illinois Golden Eagles,1991,1998,8,216,78,138,.361,-14.90,-6.67,0,0,0,0,0,0
289,Northern Arizona Lumberjacks,1919,2016,77,1785,835,950,.468,-7.77,-2.84,0,6,2,2,0,0
290,Northern Colorado Bears,1911,2016,37,606,324,282,.535,-4.61,-0.65,0,3,1,1,0,0
291,Northern Illinois Huskies,1927,2016,50,1357,606,751,.447,-3.59,-0.94,0,3,2,3,0,0
292,Northern Iowa Panthers,1981,2016,36,1054,553,501,.525,0.49,1.04,1,2,5,7,0,0
293,Northern Kentucky Norse,2013,2016,4,89,34,55,.382,-16.44,-2.36,0,0,0,0,0,0
294,Northwest Missouri State Bearcats,1930,1932,3,97,89,8,.918,,,0,0,0,,,
295,Northwestern State Demons,1977,2016,40,1129,513,616,.454,-9.49,-5.64,0,3,3,3,0,0
296,Northwestern Wildcats,1905,2016,111,2479,1019,1459,.411,3.00,7.24,0,2,0,0,0,0
297,Notre Dame Fighting Irish,1897,2016,112,2773,1799,973,.649,9.88,5.33,24,1,1,34,1,0
298,Oakland Golden Grizzlies,2000,2016,17,513,272,241,.530,-0.40,-0.47,0,3,3,3,0,0
299,Oberlin Yeomen,1905,1921,7,82,61,21,.744,,,0,0,0,,,
300,Ohio Bobcats,1908,2016,109,2560,1461,1099,.571,0.59,-0.10,0,10,6,13,0,0
Rk,School,From,To,Yrs,G,W,L,W-L%,SRS,SOS,AP,CREG,CTRN,NCAA,FF,NC
301,Ohio State Buckeyes,1899,2016,117,2753,1687,1066,.613,11.58,7.12,21,22,5,31,11,1
302,Ohio Wesleyan Battling Bishops,1929,1935,2,40,35,5,.875,,,0,0,0,,,
303,Oklahoma City Chiefs,1951,1985,35,948,530,418,.559,0.45,-0.93,3,0,1,11,0,0
304,Oklahoma Sooners,1908,2016,109,2636,1609,1027,.610,9.26,5.93,18,14,7,29,4,0
305,Oklahoma State Cowboys,1908,2016,107,2708,1598,1110,.590,8.40,5.18,18,19,4,27,6,2
306,Old Dominion Monarchs,1977,2016,40,1216,736,480,.605,3.36,-0.25,0,8,6,11,0,0
307,Oral Roberts Golden Eagles,1972,2016,41,1192,694,498,.582,0.79,-1.39,2,7,5,5,0,0
308,Oregon Ducks,1903,2016,111,2883,1558,1325,.540,5.62,5.74,3,4,3,13,1,1
309,Oregon State Beavers,1902,2016,115,2976,1705,1271,.573,6.02,5.18,8,12,0,16,2,0
310,Pacific Tigers,1938,2016,66,1826,937,889,.513,-1.23,-0.24,1,10,5,9,0,0
311,Penn State Nittany Lions,1897,2016,120,2531,1407,1123,.556,1.70,1.53,2,1,1,9,1,0
312,Pennsylvania Quakers,1897,2016,115,2778,1721,1056,.620,0.09,-3.28,6,37,0,23,1,0
313,Pepperdine Waves,1944,2016,62,1740,880,860,.506,-2.27,0.09,1,12,3,13,0,0
314,Phillips Haymakers,1920,1920,1,3,2,1,.667,,,0,0,0,,,
315,Pittsburg State Gorillas,1927,1931,5,103,86,17,.835,,,0,0,0,,,
316,Pittsburgh Panthers,1906,2016,109,2657,1558,1099,.586,4.95,3.52,13,11,4,25,1,0
317,Portland Pilots,1954,2016,63,1739,747,992,.430,-5.26,0.72,0,0,1,2,0,0
318,Portland State Vikings,1973,2016,27,742,361,381,.487,-5.36,-1.75,0,2,2,2,0,0
319,Prairie View Panthers,1981,2016,36,1004,271,733,.270,-22.11,-7.88,0,1,1,1,0,0
320,Pratt Institute Cannoneers,1934,1934,1,14,8,6,.571,,,0,0,0,,,
Rk,School,From,To,Yrs,G,W,L,W-L%,SRS,SOS,AP,CREG,CTRN,NCAA,FF,NC
321,Presbyterian Blue Hose,2011,2016,6,159,53,106,.333,-14.74,-6.54,0,0,0,0,0,0
322,Princeton Tigers,1901,2016,116,2723,1674,1048,.615,1.33,-3.81,4,29,0,24,1,0
323,Providence Friars,1929,2016,67,1886,1154,732,.612,7.28,4.02,6,0,2,17,2,0
324,Purdue Boilermakers,1897,2016,118,2701,1715,986,.635,11.18,7.04,18,22,1,27,2,0
325,Quinnipiac Bobcats,1999,2016,18,507,252,255,.497,-9.18,-7.57,0,1,0,0,0,0
326,Radford Highlanders,1985,2016,32,923,472,451,.511,-9.66,-7.22,0,4,2,2,0,0
327,Regis (CO) Rangers,1962,1964,3,66,37,29,.561,-4.77,0.04,0,0,0,0,0,0
328,Rensselaer Engineers,1901,1924,4,39,28,11,.718,,,0,0,0,,,
329,Rhode Island Rams,1904,2016,110,2518,1429,1089,.568,-1.68,-0.96,0,14,1,8,0,0
330,Rice Owls,1915,2016,102,2427,1058,1369,.436,-3.35,1.00,0,10,0,4,0,0
331,Richmond Spiders,1913,2016,104,2455,1312,1143,.534,-2.85,-2.10,1,6,6,9,0,0
332,Rider Broncs,1929,2016,53,1463,768,695,.525,-7.81,-6.07,0,11,3,3,0,0
333,Ripon Red Hawks,1902,1922,5,59,46,13,.780,,,0,0,0,,,
334,Roanoke Maroons,1912,1919,8,92,67,25,.728,,,0,0,0,,,
335,Robert Morris Colonials,1977,2016,40,1154,571,583,.495,-8.82,-6.39,0,11,8,8,0,0
336,Rochester (NY) Yellowjackets,1910,1944,7,111,74,37,.667,,,0,0,0,0,0,0
337,Rose-Hulman Fightin' Engineers,1898,1898,1,4,2,2,.500,,,0,0,0,,,
338,Rutgers Scarlet Knights,1914,2016,102,2325,1191,1134,.512,-1.34,0.04,2,9,2,6,1,0
339,Sacramento State Hornets,1992,2016,25,678,197,481,.291,-12.57,-2.85,0,0,0,0,0,0
340,Sacred Heart Pioneers,2000,2016,17,475,175,300,.368,-11.46,-6.86,0,0,0,0,0,0
Rk,School,From,To,Yrs,G,W,L,W-L%,SRS,SOS,AP,CREG,CTRN,NCAA,FF,NC
341,Saint Francis (PA) Red Flash,1956,2016,61,1617,713,904,.441,-9.44,-3.99,0,1,1,1,0,0
342,Saint Joseph's Hawks,1910,2016,107,2645,1580,1065,.597,4.02,1.60,6,20,5,20,1,0
343,Saint Louis Billikens,1916,2016,100,2522,1370,1152,.543,5.46,4.07,10,7,2,9,0,0
344,Saint Mary's (CA) Gaels,1910,2016,107,2443,1233,1210,.505,-2.08,-0.27,2,6,3,8,0,0
345,Saint Peter's Peacocks,1966,2016,51,1418,702,716,.495,-4.95,-3.87,0,6,3,3,0,0
346,Sam Houston State Bearkats,1987,2016,30,848,433,415,.511,-7.40,-4.29,0,5,2,2,0,0
347,Samford Bulldogs,1973,2016,44,1227,533,694,.434,-9.38,-4.69,0,3,2,2,0,0
348,San Diego State Aztecs,1971,2016,46,1342,709,633,.528,2.68,3.15,3,7,6,11,0,0
349,San Diego Toreros,1980,2016,37,1052,528,524,.502,-0.64,0.48,0,2,2,4,0,0
350,San Francisco Dons,1924,2016,89,2267,1310,957,.578,2.23,0.47,9,15,1,16,3,2
351,San Jose State Spartans,1938,2016,66,1770,724,1046,.409,-3.84,0.80,0,1,2,2,0,0
352,Santa Clara Broncos,1909,2016,107,2479,1434,1045,.578,1.40,0.50,2,11,2,11,1,0
353,Savage School of Physical Education,1896,1898,2,8,6,2,.750,,,0,0,0,,,
354,Savannah State Tigers,2003,2016,14,393,137,256,.349,-15.03,-3.45,0,1,0,0,0,0
355,Scranton Royals,1948,1948,1,27,7,20,.259,,,0,0,0,0,0,0
356,Seattle Redhawks,1953,2016,34,910,546,364,.600,1.53,-1.01,5,0,0,11,1,0
357,Seton Hall Pirates,1909,2016,103,2468,1429,1038,.579,2.75,2.92,6,3,2,9,1,0
358,Sewanee Tigers,1923,1941,19,248,48,200,.194,,,0,0,0,0,0,0
359,Siena Saints,1939,2016,58,1552,856,696,.552,-4.10,-3.19,1,9,6,6,0,0
360,South Alabama Jaguars,1972,2016,45,1278,729,549,.570,-0.63,-1.42,0,12,5,8,0,0
Rk,School,From,To,Yrs,G,W,L,W-L%,SRS,SOS,AP,CREG,CTRN,NCAA,FF,NC
361,South Carolina Gamecocks,1909,2016,108,2549,1345,1203,.528,3.66,2.86,8,7,2,8,0,0
362,South Carolina State Bulldogs,1972,2016,45,1291,641,650,.497,-12.74,-10.54,0,8,5,5,0,0
363,South Carolina Upstate Spartans,2011,2016,6,169,84,85,.497,-6.24,-3.12,0,0,0,0,0,0
364,South Dakota Coyotes,2011,2016,6,158,68,90,.430,-5.48,-1.12,0,0,0,0,0,0
365,South Dakota State Jackrabbits,2009,2016,8,234,144,90,.615,0.86,-4.31,0,2,2,2,0,0
366,South Florida Bulls,1974,2016,43,1233,574,659,.466,1.64,3.21,0,1,1,3,0,0
367,Southeast Missouri State Redhawks,1992,2016,25,707,303,404,.429,-8.54,-4.31,0,1,1,1,0,0
368,Southeastern Louisiana Lions,1981,2016,35,970,416,554,.429,-11.21,-5.80,0,4,1,1,0,0
369,Southern California Trojans,1907,2016,110,2695,1534,1161,.569,7.80,6.02,9,7,1,16,2,0
370,Southern Illinois Salukis,1968,2016,49,1422,789,633,.555,2.51,1.69,1,9,5,10,0,0
371,Southern Illinois-Edwardsville Cougars,2011,2016,6,144,51,93,.354,-9.14,-2.21,0,0,0,0,0,0
372,Southern Jaguars,1978,2016,39,1116,591,525,.530,-9.72,-9.83,0,8,8,8,0,0
373,Southern Methodist Mustangs,1917,2016,100,2443,1261,1182,.516,2.14,1.62,3,14,2,11,1,0
374,Southern Mississippi Golden Eagles,1967,2016,45,1287,687,600,.534,1.13,2.15,1,2,0,3,0,0
375,Southern Utah Thunderbirds,1989,2016,28,778,339,439,.436,-7.08,-3.28,0,2,3,1,0,0
376,Southwestern (KS) Moundbuilders,1905,1923,19,289,212,77,.734,,,0,0,0,,,
377,Southwestern (TX) Pirates,1915,1916,2,10,1,9,.100,,,0,0,0,,,
378,Springfield Pride,1897,1935,30,406,268,138,.660,,,0,0,0,,,
379,St. Bonaventure Bonnies,1920,2016,96,2271,1277,994,.562,1.68,1.45,6,6,1,6,1,0
380,St. Francis (NY) Terriers,1902,2016,97,2384,1179,1205,.495,-11.61,-5.26,0,6,0,0,0,0
Rk,School,From,To,Yrs,G,W,L,W-L%,SRS,SOS,AP,CREG,CTRN,NCAA,FF,NC
381,St. John's (NY) Red Storm,1908,2016,109,2801,1844,957,.658,8.44,4.56,15,14,3,29,2,0
382,St. John's College (OH),1921,1921,1,15,15,0,1.000,,,0,0,0,,,
383,St. Lawrence Saints,1902,1914,7,99,70,29,.707,,,0,0,0,,,
384,Stanford Cardinal,1914,2016,101,2568,1468,1100,.572,7.88,5.92,10,11,1,17,2,1
385,Stephen F. Austin Lumberjacks,1987,2016,30,842,461,381,.548,-7.03,-6.32,0,7,3,3,0,0
386,Stetson Hatters,1972,2016,45,1247,579,668,.464,-8.52,-4.76,0,0,0,0,0,0
387,Stevens Institute Ducks,1917,1920,4,48,37,11,.771,,,0,0,0,,,
388,Stony Brook Seawolves,2000,2016,17,489,231,258,.472,-5.59,-3.31,0,3,0,0,0,0
389,SUNY-Potsdam Bears,1910,1913,2,32,22,10,.688,,,0,0,0,,,
390,Swarthmore Garnet,1906,1919,11,133,92,41,.692,,,0,0,0,,,
391,Syracuse Orange,1899,2016,116,2777,1925,851,.693,9.33,3.39,30,10,5,37,5,1
392,Temple Owls,1895,2016,120,2877,1850,1027,.643,6.39,2.52,9,19,10,31,2,0
393,Tennessee State Tigers,1978,2016,39,1086,452,634,.416,-8.75,-4.72,0,2,2,2,0,0
394,Tennessee Tech Golden Eagles,1944,2016,62,1649,819,830,.497,-6.71,-3.80,0,7,1,2,0,0
395,Tennessee Volunteers,1909,2016,107,2574,1570,1002,.610,8.30,5.15,11,12,4,20,0,0
396,Tennessee-Martin Skyhawks,1993,2016,24,671,241,430,.359,-11.99,-4.21,0,1,0,0,0,0
397,Texas A&M Aggies,1913,2016,104,2567,1347,1220,.525,2.11,1.84,3,11,2,12,0,0
398,Texas A&M-Corpus Christi Islanders,2003,2016,14,398,200,198,.503,-5.24,-2.18,0,1,1,1,0,0
399,Texas Christian Horned Frogs,1914,2016,103,2484,1145,1339,.461,-0.73,0.99,3,11,0,7,0,0
400,Texas Longhorns,1906,2016,110,2739,1718,1021,.627,5.81,3.29,11,25,2,32,3,0
Rk,School,From,To,Yrs,G,W,L,W-L%,SRS,SOS,AP,CREG,CTRN,NCAA,FF,NC
401,Texas Southern Tigers,1978,2016,39,1114,542,572,.487,-11.34,-8.42,0,10,6,6,0,0
402,Texas State Bobcats,1985,2016,32,896,390,506,.435,-9.33,-5.88,0,3,2,2,0,0
403,Texas Tech Red Raiders,1926,2016,88,2314,1281,1033,.554,3.30,2.07,4,12,5,14,0,0
404,Texas Wesleyan Rams,1948,1948,1,30,19,11,.633,,,0,0,0,0,0,0
405,Texas-Arlington Mavericks,1969,2016,48,1330,589,741,.443,-8.60,-4.45,0,2,1,1,0,0
406,Texas-El Paso Miners,1923,2016,88,2214,1283,931,.579,3.29,0.92,4,11,5,17,1,1
407,Texas-Rio Grande Valley Broncs,1969,2016,48,1310,566,744,.432,-8.14,-2.62,0,0,0,0,0,0
408,Texas-San Antonio Roadrunners,1982,2016,35,993,507,486,.511,-6.67,-5.03,0,3,4,4,0,0
409,Toledo Rockets,1916,2016,101,2405,1374,1031,.571,0.58,-0.60,2,10,1,4,0,0
410,Towson Tigers,1980,2016,37,1062,429,633,.404,-8.82,-4.59,0,4,3,2,0,0
411,Trinity (CT) Bantams,1897,1911,8,81,28,53,.346,,,0,0,0,,,
412,Trinity (TX) Tigers,1971,1973,3,70,25,45,.357,-24.37,-5.64,0,0,0,0,0,0
413,Troy Trojans,1994,2016,23,650,314,336,.483,-7.61,-5.11,0,6,1,1,0,0
414,Tulane Green Wave,1906,2016,106,2394,1184,1210,.495,-1.19,0.91,1,6,0,3,0,0
415,Tulsa Golden Hurricane,1914,2016,103,2484,1381,1103,.556,5.04,3.04,5,10,6,15,0,0
416,U.S. International Gulls,1982,1991,10,279,69,210,.247,-18.06,-5.34,0,0,0,0,0,0
417,UC-Davis Aggies,2008,2016,9,253,101,152,.399,-6.33,-2.27,0,1,0,0,0,0
418,UC-Irvine Anteaters,1978,2016,39,1126,531,595,.472,-1.49,0.55,0,3,1,1,0,0
419,UC-Riverside Highlanders,2002,2016,15,411,142,269,.345,-7.82,-2.27,0,0,0,0,0,0
420,UC-Santa Barbara Gauchos,1964,2016,53,1465,771,694,.526,-0.35,0.25,0,4,3,5,0,0
Rk,School,From,To,Yrs,G,W,L,W-L%,SRS,SOS,AP,CREG,CTRN,NCAA,FF,NC
421,UCLA Bruins,1920,2016,97,2615,1808,807,.691,15.68,6.86,40,31,4,47,18,11
422,Union (NY) Dutchmen,1907,1925,19,266,162,104,.609,,,0,0,0,,,
423,University of California Golden Bears,1908,2016,107,2675,1564,1111,.585,7.31,5.77,4,14,0,18,3,1
424,Utah State Aggies,1904,2016,111,2594,1531,1063,.590,3.42,0.59,4,15,8,20,0,0
425,Utah Utes,1909,2016,108,2693,1735,958,.644,7.87,3.42,20,30,5,28,4,1
426,Utah Valley Wolverines,2010,2016,7,191,98,93,.513,-11.43,-5.83,0,3,0,0,0,0
427,Utica Pioneers,1982,1987,6,158,64,94,.405,-12.95,-7.35,0,0,0,0,0,0
428,Valparaiso Crusaders,1918,2016,81,2003,1050,953,.524,-4.48,-1.71,0,12,10,9,0,0
429,Vanderbilt Commodores,1901,2016,114,2643,1550,1093,.586,8.56,4.66,11,3,3,13,0,0
430,Vermont Catamounts,1921,2016,61,1606,819,787,.510,-11.49,-7.33,0,7,5,5,0,0
431,Villanova Wildcats,1921,2016,96,2565,1653,912,.644,9.85,5.41,19,9,4,35,4,1
432,Virginia Cavaliers,1906,2016,111,2662,1517,1144,.570,5.98,5.06,9,8,2,19,2,0
433,Virginia Commonwealth Rams,1974,2016,43,1283,826,457,.644,4.75,0.24,3,9,9,14,1,0
434,Virginia Military Institute Keydets,1909,2016,108,2310,863,1447,.374,-13.08,-4.94,1,2,3,3,0,0
435,Virginia Tech Hokies,1909,2016,108,2550,1376,1174,.540,3.08,1.04,1,2,1,8,0,0
436,Wabash Little Giants,1897,1925,29,407,301,106,.740,,,0,0,0,,,
437,Wagner Seahawks,1966,2016,44,1226,582,644,.475,-10.03,-7.28,0,1,1,1,0,0
438,Wake Forest Demon Deacons,1906,2016,110,2650,1487,1163,.561,7.71,5.62,17,4,5,22,1,0
439,Washburn Ichabods,1906,1941,35,557,270,283,.488,,,0,0,0,0,0,0
440,Washington & Jefferson Presidents,1913,1944,10,128,73,55,.570,,,0,0,0,0,0,0
Rk,School,From,To,Yrs,G,W,L,W-L%,SRS,SOS,AP,CREG,CTRN,NCAA,FF,NC
441,Washington & Lee Generals,1907,1959,51,905,472,432,.522,-15.30,-5.67,0,3,2,0,0,0
442,Washington (MO) Bears,1905,1960,52,921,433,488,.470,-5.23,-1.80,0,2,0,0,0,0
443,Washington College Shoremen,1913,1925,13,151,109,42,.722,,,0,0,0,,,
444,Washington Huskies,1896,2016,115,2850,1723,1127,.605,7.53,5.81,8,11,3,16,1,0
445,Washington State Cougars,1902,2016,115,2997,1550,1447,.517,2.91,4.36,3,2,0,6,1,0
446,Wayne State (MI) Warriors,1928,1950,5,104,47,57,.452,,,0,0,0,0,0,0
447,Weber State Wildcats,1964,2016,53,1518,956,562,.630,0.29,-2.44,1,21,9,15,0,0
448,Wesleyan (CT) Cardinals,1896,1913,13,171,97,74,.567,,,0,0,0,,,
449,West Chester Golden Rams,1899,1982,10,244,86,158,.352,-17.60,-8.15,0,1,0,0,0,0
450,West Texas A&M Buffaloes,1921,1986,54,1275,707,568,.555,-6.34,-1.64,0,4,0,1,0,0
451,West Virginia Mountaineers,1904,2016,107,2729,1679,1050,.615,6.35,1.61,14,16,13,26,2,0
452,Western Carolina Catamounts,1977,2016,40,1136,506,630,.445,-7.61,-3.11,0,3,1,1,0,0
453,Western Illinois Leathernecks,1982,2016,35,979,417,562,.426,-7.63,-3.62,0,2,1,0,0,0
454,Western Kentucky Hilltoppers,1922,2016,95,2581,1713,868,.664,3.23,-0.23,11,28,19,23,1,0
455,Western Michigan Broncos,1914,2016,103,2422,1291,1131,.533,-2.75,-0.32,1,10,2,4,0,0
456,Western State Mountaineers,1924,1937,14,189,88,101,.466,,,0,0,0,,,
457,Westminster (MO) Blue Jays,1920,1920,1,17,17,0,1.000,,,0,0,0,,,
458,Westminster (PA) Titans,1898,1935,21,294,210,84,.714,,,0,0,0,,,
459,Wheaton (IL) Thunder,1902,1905,4,57,39,17,.696,,,0,0,0,,,
460,Whittier Poets,1909,1915,3,42,38,3,.927,,,0,0,0,,,
Rk,School,From,To,Yrs,G,W,L,W-L%,SRS,SOS,AP,CREG,CTRN,NCAA,FF,NC
461,Wichita State Shockers,1906,2016,109,2650,1483,1167,.560,5.31,3.02,6,9,3,12,2,0
462,Widener Pride,1899,1909,5,26,20,6,.769,,,0,0,0,,,
463,William & Mary Tribe,1906,2016,111,2515,1166,1349,.464,-5.26,-2.48,0,3,0,0,0,0
464,Williams Ephs,1901,1911,10,161,136,24,.850,,,0,0,0,,,
465,Winthrop Eagles,1987,2016,30,871,452,419,.519,-8.28,-6.86,1,7,10,9,0,0
466,Wisconsin Badgers,1899,2016,118,2693,1529,1164,.568,8.16,7.53,14,18,3,21,4,1
467,Wisconsin-Stevens Point Pointers,1898,1918,21,156,98,58,.628,,,0,0,0,,,
468,Wisconsin-Superior Yellowjackets,1900,1901,2,14,10,4,.714,,,0,0,0,,,
469,Wittenberg Tigers,1931,1931,1,20,18,2,.900,,,0,0,0,,,
470,Wofford Terriers,1996,2016,21,605,285,320,.471,-6.38,-1.96,0,3,4,4,0,0
471,Wooster Fighting Scots,1901,1931,31,390,225,165,.577,,,0,0,0,,,
472,Worcester Tech Engineers,1920,1920,1,16,14,2,.875,,,0,0,0,,,
473,Wright State Raiders,1988,2016,29,838,443,395,.529,-1.64,-1.48,0,1,2,2,0,0
474,Wyoming Cowboys,1905,2016,111,2589,1474,1115,.569,2.60,2.58,4,21,3,15,1,1
475,Xavier Musketeers,1920,2016,95,2356,1393,963,.591,5.22,3.38,10,17,9,25,0,0
476,Yale Bulldogs,1896,2016,121,2845,1404,1438,.494,-6.92,-4.84,1,11,0,3,0,0
477,Youngstown State Penguins,1948,2016,36,1004,388,616,.386,-8.77,-3.48,0,0,0,0,0,02